blind_id,condition,model_id,question_id
b0001,448_degraded,google/paligemma2-3b-mix-448,nga_orpheus_secondary_01
b0002,448_native,google/paligemma2-3b-mix-448,ng_bronzino_allegory_detail_02
b0003,448_native,google/paligemma2-3b-mix-448,uffizi_birth_venus_attribute_01
b0004,448_native,google/paligemma2-3b-mix-448,nga_feast_gods_distant_01
b0005,448_degraded,google/paligemma2-3b-mix-448,nga_orpheus_distant_01
b0006,448_degraded,google/paligemma2-3b-mix-448,aic_22857_false_01
b0007,224_native,google/paligemma2-3b-mix-224,aic_80530_false_01
b0008,224_native,google/paligemma2-3b-mix-224,ng_bronzino_allegory_detail_02
b0009,224_native,google/paligemma2-3b-mix-224,nga_feast_gods_inscription_01
b0010,224_native,google/paligemma2-3b-mix-224,aic_22857_false_01
b0011,448_degraded,google/paligemma2-3b-mix-448,cenacolo_last_supper_false_01
b0012,224_native,google/paligemma2-3b-mix-224,nga_feast_gods_attribute_01
b0013,448_degraded,google/paligemma2-3b-mix-448,ng_baptism_christ_secondary_01
b0014,448_native,google/paligemma2-3b-mix-448,ng_bronzino_allegory_false_01
b0015,224_native,google/paligemma2-3b-mix-224,louvre_wedding_cana_distant_02
b0016,448_degraded,google/paligemma2-3b-mix-448,cenacolo_last_supper_distant_02
b0017,448_degraded,google/paligemma2-3b-mix-448,uffizi_birth_venus_secondary_01
b0018,448_degraded,google/paligemma2-3b-mix-448,nga_piero_allegory_secondary_01
b0019,448_degraded,google/paligemma2-3b-mix-448,louvre_wedding_cana_secondary_01
b0020,448_native,google/paligemma2-3b-mix-448,louvre_wedding_cana_attribute_01
b0021,448_native,google/paligemma2-3b-mix-448,aic_110760_false_01
b0022,448_native,google/paligemma2-3b-mix-448,nga_feast_gods_false_01
b0023,448_native,google/paligemma2-3b-mix-448,louvre_wedding_cana_distant_01
b0024,224_native,google/paligemma2-3b-mix-224,aic_110760_detail_01
b0025,448_degraded,google/paligemma2-3b-mix-448,ng_bronzino_allegory_detail_01
b0026,448_degraded,google/paligemma2-3b-mix-448,nga_piero_allegory_false_01
b0027,448_native,google/paligemma2-3b-mix-448,cenacolo_last_supper_distant_01
b0028,224_native,google/paligemma2-3b-mix-224,aic_22857_detail_01
b0029,448_native,google/paligemma2-3b-mix-448,ng_baptism_christ_attribute_01
b0030,448_degraded,google/paligemma2-3b-mix-448,nga_feast_gods_distant_01
b0031,448_degraded,google/paligemma2-3b-mix-448,ng_baptism_christ_detail_02
b0032,448_native,google/paligemma2-3b-mix-448,nga_orpheus_false_01
b0033,224_native,google/paligemma2-3b-mix-224,louvre_wedding_cana_false_01
b0034,448_native,google/paligemma2-3b-mix-448,nga_piero_allegory_secondary_01
b0035,224_native,google/paligemma2-3b-mix-224,ng_baptism_christ_false_01
b0036,224_native,google/paligemma2-3b-mix-224,nga_piero_allegory_false_01
b0037,448_degraded,google/paligemma2-3b-mix-448,aic_22857_distant_01
b0038,448_degraded,google/paligemma2-3b-mix-448,aic_22857_detail_01
b0039,448_degraded,google/paligemma2-3b-mix-448,uffizi_birth_venus_distant_01
b0040,224_native,google/paligemma2-3b-mix-224,nga_claudia_quinta_false_01
b0041,448_degraded,google/paligemma2-3b-mix-448,ng_baptism_christ_attribute_01
b0042,448_degraded,google/paligemma2-3b-mix-448,louvre_wedding_cana_distant_01
b0043,448_degraded,google/paligemma2-3b-mix-448,aic_80530_attribute_01
b0044,224_native,google/paligemma2-3b-mix-224,nga_feast_gods_secondary_01
b0045,448_degraded,google/paligemma2-3b-mix-448,aic_110760_secondary_01
b0046,448_native,google/paligemma2-3b-mix-448,uffizi_birth_venus_false_01
b0047,448_native,google/paligemma2-3b-mix-448,aic_110760_detail_02
b0048,448_native,google/paligemma2-3b-mix-448,ng_baptism_christ_distant_01
b0049,448_degraded,google/paligemma2-3b-mix-448,aic_22857_detail_02
b0050,448_degraded,google/paligemma2-3b-mix-448,nga_feast_gods_secondary_01
b0051,224_native,google/paligemma2-3b-mix-224,nga_piero_allegory_secondary_01
b0052,448_native,google/paligemma2-3b-mix-448,aic_110760_distant_01
b0053,448_degraded,google/paligemma2-3b-mix-448,uffizi_birth_venus_false_01
b0054,448_native,google/paligemma2-3b-mix-448,louvre_wedding_cana_false_01
b0055,224_native,google/paligemma2-3b-mix-224,cenacolo_last_supper_false_01
b0056,224_native,google/paligemma2-3b-mix-224,uffizi_birth_venus_distant_02
b0057,448_native,google/paligemma2-3b-mix-448,ng_bronzino_allegory_secondary_01
b0058,448_native,google/paligemma2-3b-mix-448,nga_feast_gods_inscription_01
b0059,448_degraded,google/paligemma2-3b-mix-448,uffizi_birth_venus_distant_02
b0060,224_native,google/paligemma2-3b-mix-224,cenacolo_last_supper_distant_01
b0061,224_native,google/paligemma2-3b-mix-224,aic_110760_secondary_01
b0062,224_native,google/paligemma2-3b-mix-224,cenacolo_last_supper_secondary_01
b0063,448_degraded,google/paligemma2-3b-mix-448,nga_orpheus_attribute_01
b0064,448_degraded,google/paligemma2-3b-mix-448,aic_110760_false_01
b0065,224_native,google/paligemma2-3b-mix-224,nga_orpheus_distant_01
b0066,448_native,google/paligemma2-3b-mix-448,nga_claudia_quinta_false_01
b0067,224_native,google/paligemma2-3b-mix-224,nga_feast_gods_distant_01
b0068,448_degraded,google/paligemma2-3b-mix-448,aic_80530_detail_02
b0069,448_native,google/paligemma2-3b-mix-448,uffizi_birth_venus_distant_02
b0070,448_degraded,google/paligemma2-3b-mix-448,cenacolo_last_supper_attribute_01
b0071,448_degraded,google/paligemma2-3b-mix-448,ng_bronzino_allegory_false_01
b0072,224_native,google/paligemma2-3b-mix-224,aic_110760_false_01
b0073,224_native,google/paligemma2-3b-mix-224,aic_110760_distant_01
b0074,448_degraded,google/paligemma2-3b-mix-448,nga_piero_allegory_attribute_01
b0075,448_degraded,google/paligemma2-3b-mix-448,nga_claudia_quinta_false_01
b0076,448_native,google/paligemma2-3b-mix-448,louvre_wedding_cana_secondary_01
b0077,448_degraded,google/paligemma2-3b-mix-448,aic_110760_detail_01
b0078,224_native,google/paligemma2-3b-mix-224,cenacolo_last_supper_distant_02
b0079,224_native,google/paligemma2-3b-mix-224,uffizi_birth_venus_secondary_01
b0080,448_native,google/paligemma2-3b-mix-448,nga_feast_gods_attribute_01
b0081,224_native,google/paligemma2-3b-mix-224,nga_piero_allegory_attribute_01
b0082,224_native,google/paligemma2-3b-mix-224,ng_bronzino_allegory_detail_01
b0083,448_degraded,google/paligemma2-3b-mix-448,aic_80530_false_01
b0084,224_native,google/paligemma2-3b-mix-224,louvre_wedding_cana_attribute_01
b0085,448_native,google/paligemma2-3b-mix-448,nga_orpheus_attribute_01
b0086,224_native,google/paligemma2-3b-mix-224,nga_claudia_quinta_inscription_01
b0087,448_native,google/paligemma2-3b-mix-448,aic_22857_false_01
b0088,448_native,google/paligemma2-3b-mix-448,nga_claudia_quinta_secondary_01
b0089,224_native,google/paligemma2-3b-mix-224,nga_orpheus_false_01
b0090,448_degraded,google/paligemma2-3b-mix-448,ng_bronzino_allegory_detail_02
b0091,448_native,google/paligemma2-3b-mix-448,cenacolo_last_supper_secondary_01
b0092,224_native,google/paligemma2-3b-mix-224,ng_baptism_christ_detail_02
b0093,448_native,google/paligemma2-3b-mix-448,nga_orpheus_detail_01
b0094,448_degraded,google/paligemma2-3b-mix-448,louvre_wedding_cana_false_01
b0095,448_native,google/paligemma2-3b-mix-448,aic_80530_secondary_01
b0096,224_native,google/paligemma2-3b-mix-224,louvre_wedding_cana_distant_01
b0097,224_native,google/paligemma2-3b-mix-224,cenacolo_last_supper_attribute_01
b0098,448_degraded,google/paligemma2-3b-mix-448,cenacolo_last_supper_distant_01
b0099,448_native,google/paligemma2-3b-mix-448,aic_80530_distant_01
b0100,224_native,google/paligemma2-3b-mix-224,uffizi_birth_venus_false_01
b0101,224_native,google/paligemma2-3b-mix-224,aic_110760_detail_02
b0102,448_degraded,google/paligemma2-3b-mix-448,nga_claudia_quinta_attribute_01
b0103,448_degraded,google/paligemma2-3b-mix-448,aic_110760_distant_01
b0104,448_degraded,google/paligemma2-3b-mix-448,louvre_wedding_cana_attribute_01
b0105,448_degraded,google/paligemma2-3b-mix-448,nga_feast_gods_false_01
b0106,224_native,google/paligemma2-3b-mix-224,louvre_wedding_cana_secondary_01
b0107,448_native,google/paligemma2-3b-mix-448,louvre_wedding_cana_distant_02
b0108,448_native,google/paligemma2-3b-mix-448,ng_baptism_christ_secondary_01
b0109,224_native,google/paligemma2-3b-mix-224,aic_80530_distant_01
b0110,224_native,google/paligemma2-3b-mix-224,aic_22857_detail_02
b0111,448_native,google/paligemma2-3b-mix-448,aic_110760_secondary_01
b0112,448_degraded,google/paligemma2-3b-mix-448,aic_22857_secondary_01
b0113,448_native,google/paligemma2-3b-mix-448,nga_piero_allegory_attribute_01
b0114,448_native,google/paligemma2-3b-mix-448,aic_80530_detail_02
b0115,448_native,google/paligemma2-3b-mix-448,nga_piero_allegory_detail_01
b0116,448_native,google/paligemma2-3b-mix-448,aic_110760_detail_01
b0117,448_native,google/paligemma2-3b-mix-448,uffizi_birth_venus_distant_01
b0118,224_native,google/paligemma2-3b-mix-224,nga_claudia_quinta_secondary_01
b0119,448_native,google/paligemma2-3b-mix-448,aic_22857_secondary_01
b0120,448_native,google/paligemma2-3b-mix-448,ng_bronzino_allegory_detail_01
b0121,448_native,google/paligemma2-3b-mix-448,nga_orpheus_distant_01
b0122,448_degraded,google/paligemma2-3b-mix-448,ng_baptism_christ_distant_01
b0123,224_native,google/paligemma2-3b-mix-224,nga_piero_allegory_distant_01
b0124,224_native,google/paligemma2-3b-mix-224,uffizi_birth_venus_distant_01
b0125,224_native,google/paligemma2-3b-mix-224,ng_bronzino_allegory_false_01
b0126,448_native,google/paligemma2-3b-mix-448,cenacolo_last_supper_attribute_01
b0127,448_native,google/paligemma2-3b-mix-448,nga_feast_gods_secondary_01
b0128,448_native,google/paligemma2-3b-mix-448,ng_baptism_christ_false_01
b0129,224_native,google/paligemma2-3b-mix-224,aic_80530_detail_02
b0130,448_native,google/paligemma2-3b-mix-448,ng_bronzino_allegory_attribute_01
b0131,448_degraded,google/paligemma2-3b-mix-448,louvre_wedding_cana_distant_02
b0132,448_degraded,google/paligemma2-3b-mix-448,aic_80530_distant_01
b0133,448_degraded,google/paligemma2-3b-mix-448,nga_feast_gods_attribute_01
b0134,448_degraded,google/paligemma2-3b-mix-448,nga_orpheus_false_01
b0135,224_native,google/paligemma2-3b-mix-224,ng_baptism_christ_distant_01
b0136,448_native,google/paligemma2-3b-mix-448,nga_piero_allegory_distant_01
b0137,224_native,google/paligemma2-3b-mix-224,ng_baptism_christ_attribute_01
b0138,448_degraded,google/paligemma2-3b-mix-448,ng_bronzino_allegory_attribute_01
b0139,224_native,google/paligemma2-3b-mix-224,nga_claudia_quinta_detail_01
b0140,448_degraded,google/paligemma2-3b-mix-448,nga_piero_allegory_detail_01
b0141,224_native,google/paligemma2-3b-mix-224,ng_baptism_christ_secondary_01
b0142,448_native,google/paligemma2-3b-mix-448,nga_orpheus_secondary_01
b0143,448_native,google/paligemma2-3b-mix-448,cenacolo_last_supper_false_01
b0144,448_native,google/paligemma2-3b-mix-448,nga_claudia_quinta_detail_01
b0145,224_native,google/paligemma2-3b-mix-224,nga_claudia_quinta_attribute_01
b0146,224_native,google/paligemma2-3b-mix-224,aic_22857_secondary_01
b0147,448_native,google/paligemma2-3b-mix-448,nga_claudia_quinta_attribute_01
b0148,448_degraded,google/paligemma2-3b-mix-448,nga_orpheus_detail_01
b0149,448_native,google/paligemma2-3b-mix-448,aic_22857_detail_01
b0150,224_native,google/paligemma2-3b-mix-224,nga_orpheus_detail_01
b0151,224_native,google/paligemma2-3b-mix-224,uffizi_birth_venus_attribute_01
b0152,448_native,google/paligemma2-3b-mix-448,nga_claudia_quinta_inscription_01
b0153,448_native,google/paligemma2-3b-mix-448,aic_22857_distant_01
b0154,224_native,google/paligemma2-3b-mix-224,ng_bronzino_allegory_attribute_01
b0155,224_native,google/paligemma2-3b-mix-224,aic_80530_secondary_01
b0156,448_native,google/paligemma2-3b-mix-448,nga_piero_allegory_false_01
b0157,448_degraded,google/paligemma2-3b-mix-448,nga_feast_gods_inscription_01
b0158,448_degraded,google/paligemma2-3b-mix-448,ng_baptism_christ_false_01
b0159,448_degraded,google/paligemma2-3b-mix-448,nga_claudia_quinta_detail_01
b0160,224_native,google/paligemma2-3b-mix-224,ng_bronzino_allegory_secondary_01
b0161,224_native,google/paligemma2-3b-mix-224,nga_piero_allegory_detail_01
b0162,224_native,google/paligemma2-3b-mix-224,nga_orpheus_attribute_01
b0163,448_degraded,google/paligemma2-3b-mix-448,nga_claudia_quinta_inscription_01
b0164,448_degraded,google/paligemma2-3b-mix-448,nga_piero_allegory_distant_01
b0165,224_native,google/paligemma2-3b-mix-224,aic_22857_distant_01
b0166,448_native,google/paligemma2-3b-mix-448,aic_22857_detail_02
b0167,224_native,google/paligemma2-3b-mix-224,nga_feast_gods_false_01
b0168,448_degraded,google/paligemma2-3b-mix-448,nga_claudia_quinta_secondary_01
b0169,448_degraded,google/paligemma2-3b-mix-448,aic_80530_secondary_01
b0170,224_native,google/paligemma2-3b-mix-224,nga_orpheus_secondary_01
b0171,448_native,google/paligemma2-3b-mix-448,aic_80530_attribute_01
b0172,448_degraded,google/paligemma2-3b-mix-448,ng_bronzino_allegory_secondary_01
b0173,224_native,google/paligemma2-3b-mix-224,aic_80530_attribute_01
b0174,448_native,google/paligemma2-3b-mix-448,aic_80530_false_01
b0175,448_degraded,google/paligemma2-3b-mix-448,uffizi_birth_venus_attribute_01
b0176,448_native,google/paligemma2-3b-mix-448,uffizi_birth_venus_secondary_01
b0177,448_degraded,google/paligemma2-3b-mix-448,aic_110760_detail_02
b0178,448_native,google/paligemma2-3b-mix-448,ng_baptism_christ_detail_02
b0179,448_native,google/paligemma2-3b-mix-448,cenacolo_last_supper_distant_02
b0180,448_degraded,google/paligemma2-3b-mix-448,cenacolo_last_supper_secondary_01
