blind_id,painting_id,question_type,prompt,reference_answer,response,score_0_to_2,hallucination_0_or_1,rejects_false_premise_0_or_1,notes
b0001,nga_orpheus,secondary_figure,answer en What kind of legs does the bearded figure behind the musician have?,He has goat-like legs and is a satyr.,crooked,1,0,,loosely describes the bent goat like legs
b0002,ng_bronzino_allegory,distant_detail,answer en What two objects lie near the lower-right corner?,Two masks lie near the lower-right corner.,mask and bird,1,1,,
b0003,uffizi_birth_venus,handheld_attribute,answer en What is the woman on the right holding up?,She is holding up a pink flower-patterned cloak or robe.,her dress,1,0,,identifies the held garment but not as a cloak
b0004,nga_feast_gods,distant_detail,answer en What small animal is perched in the upper-right trees?,A bird is perched there.,bird,2,0,,
b0005,nga_orpheus,distant_detail,answer en What animal stands among the trees in the distant background?,A deer stands among the trees.,bear,0,1,,
b0006,aic_22857,false_premise,answer en What is written on the large sign in the foreground?,There is no large sign in the foreground.,unanswerable,1,0,1,noncommittal refusal
b0007,aic_80530,false_premise,answer en What book is the child holding?,The child is not holding a book.,bible,0,1,0,
b0008,ng_bronzino_allegory,distant_detail,answer en What two objects lie near the lower-right corner?,Two masks lie near the lower-right corner.,mask and mirror,1,1,,
b0009,nga_feast_gods,inscription,answer en What Roman numerals are written on the paper attached to the wooden tub?,The inscription reads MDXIIII.,mdlxxx,0,1,,
b0010,aic_22857,false_premise,answer en What is written on the large sign in the foreground?,There is no large sign in the foreground.,unanswerable,1,0,1,noncommittal refusal
b0011,cenacolo_last_supper,false_premise,answer en What color is the halo around Jesus's head?,There is no painted halo around Jesus's head.,white,0,1,0,
b0012,nga_feast_gods,handheld_attribute,answer en What is the young figure at the left pouring into?,The figure is pouring into a clear glass pitcher or vessel.,cup,1,1,,
b0013,ng_baptism_christ,secondary_figure,answer en What is the man directly behind Christ doing?,He is undressing or pulling a garment over his head.,standing,0,0,,true posture but does not answer the action
b0014,ng_bronzino_allegory,false_premise,answer en What musical instrument is Cupid playing?,Cupid is not playing a musical instrument.,string,0,1,0,
b0015,louvre_wedding_cana,distant_detail,answer en What small animals stand near the musicians in the foreground?,Two dogs stand near the musicians.,dogs,2,0,,
b0016,cenacolo_last_supper,distant_detail,answer en How many openings are visible on the back wall?,Three openings are visible.,3,2,0,,
b0017,uffizi_birth_venus,secondary_figure,answer en What are the two flying figures at the upper left doing?,They embrace while blowing Venus toward shore.,hugging,1,0,,captures embrace but omits blowing
b0018,nga_piero_allegory,secondary_figure,answer en What kind of creature sits below the horse?,A double-tailed mermaid or siren sits below the horse.,bird,0,1,,
b0019,louvre_wedding_cana,secondary_figure,answer en What is the servant at the lower right pouring from?,The servant is pouring from a pitcher or jug.,bucket,1,1,,
b0020,louvre_wedding_cana,handheld_attribute,answer en What instrument is the musician in red playing in the center foreground?,"He is playing a large bowed string instrument, similar to a viol.",harp,0,1,,
b0021,aic_110760,false_premise,answer en What color is the train crossing the center of the scene?,There is no train in the painting.,no train,2,0,1,
b0022,nga_feast_gods,false_premise,answer en What musical instrument is the child in the center playing?,There is no child playing a musical instrument in the center.,none,2,0,1,
b0023,louvre_wedding_cana,distant_detail,answer en What animals are flying above the tower near the top center?,Birds are flying above the tower.,birds,2,0,,
b0024,aic_110760,distant_detail,answer en What white animal appears near the upper center-right?,A white dog appears there.,swan,0,1,,
b0025,ng_bronzino_allegory,distant_detail,answer en What is stuck in the right foot of the smiling boy?,A thorn is stuck in his right foot.,flower,0,1,,
b0026,nga_piero_allegory,false_premise,answer en What color is the saddle on the horse?,The horse has no saddle.,black,0,1,0,
b0027,cenacolo_last_supper,distant_detail,answer en What can be seen through the openings behind the figures?,A distant landscape with hills and sky is visible.,landscape,2,0,,
b0028,aic_22857,distant_detail,answer en What circular structure is located near the center?,A circular fountain or basin is near the center.,fountain,2,0,,
b0029,ng_baptism_christ,handheld_attribute,answer en What object does John the Baptist hold above Christ's head?,He holds a small terracotta-colored bowl.,hat,0,1,,
b0030,nga_feast_gods,distant_detail,answer en What small animal is perched in the upper-right trees?,A bird is perched there.,bird,2,0,,
b0031,ng_baptism_christ,distant_detail,answer en What bird hovers above Christ?,A white dove hovers above Christ.,dove,2,0,,
b0032,nga_orpheus,false_premise,answer en What color is the harp held by the seated musician?,The seated musician is not holding a harp.,brown,0,1,0,
b0033,louvre_wedding_cana,false_premise,answer en What color is the horse beside the central table?,There is no horse beside the central table.,white,0,1,0,
b0034,nga_piero_allegory,secondary_figure,answer en What kind of creature sits below the horse?,A double-tailed mermaid or siren sits below the horse.,bird,0,1,,
b0035,ng_baptism_christ,false_premise,answer en What book is Christ reading?,Christ is not reading or holding a book.,bible,0,1,0,
b0036,nga_piero_allegory,false_premise,answer en What color is the saddle on the horse?,The horse has no saddle.,white,0,1,0,
b0037,aic_22857,distant_detail,answer en What white bird is visible near the upper-right edge?,A white swan is visible there.,dove,1,1,,
b0038,aic_22857,distant_detail,answer en What circular structure is located near the center?,A circular fountain or basin is near the center.,fountain,2,0,,
b0039,uffizi_birth_venus,distant_detail,answer en What plants grow at the lower-left edge of the water?,Cattails or reeds grow at the lower-left edge.,flowers,0,1,,
b0040,nga_claudia_quinta,false_premise,answer en What breed is the dog beside the central woman?,There is no dog beside the central woman.,lab,0,1,0,
b0041,ng_baptism_christ,handheld_attribute,answer en What object does John the Baptist hold above Christ's head?,He holds a small terracotta-colored bowl.,dove,0,1,,
b0042,louvre_wedding_cana,distant_detail,answer en What animals are flying above the tower near the top center?,Birds are flying above the tower.,birds,2,0,,
b0043,aic_80530,handheld_attribute,answer en What part of the woman's body does the child grasp?,The child grasps the back of her neck or nape.,leg,0,1,,
b0044,nga_feast_gods,secondary_figure,answer en What animal stands beside the old man at the far left?,A donkey stands beside him.,horse,1,1,,correct equine family but wrong species
b0045,aic_110760,secondary_figure,answer en What broken object projects diagonally from the water near the center?,A broken mast or spar projects from the water.,boat,1,1,,identifies the larger vessel not the broken mast
b0046,uffizi_birth_venus,false_premise,answer en What color is the crown worn by Venus?,Venus is not wearing a crown.,gold,0,1,0,
b0047,aic_110760,distant_detail,answer en Does the painting show one moment or several episodes of a story?,It shows several episodes within one continuous composition.,several episodes,2,0,,
b0048,ng_baptism_christ,distant_detail,answer en What unusual headwear is worn by the small group in the far distance?,They wear tall or unusual hats.,crown,1,1,,
b0049,aic_22857,distant_detail,answer en Is the landscape empty or filled with creatures?,"It is filled with many people, animals, and fantastic creatures.",filled,2,0,,
b0050,nga_feast_gods,secondary_figure,answer en What animal stands beside the old man at the far left?,A donkey stands beside him.,horse,1,1,,correct equine family but wrong species
b0051,nga_piero_allegory,secondary_figure,answer en What kind of creature sits below the horse?,A double-tailed mermaid or siren sits below the horse.,dragon,0,1,,
b0052,aic_110760,distant_detail,answer en What type of vessel appears near the lower-left center?,A ship or boat appears there.,boat,2,0,,
b0053,uffizi_birth_venus,false_premise,answer en What color is the crown worn by Venus?,Venus is not wearing a crown.,gold,0,1,0,
b0054,louvre_wedding_cana,false_premise,answer en What color is the horse beside the central table?,There is no horse beside the central table.,white,0,1,0,
b0055,cenacolo_last_supper,false_premise,answer en What color is the halo around Jesus's head?,There is no painted halo around Jesus's head.,white,0,1,0,
b0056,uffizi_birth_venus,distant_detail,answer en What kind of trees form a grove at the far right?,Orange trees form the grove.,oak,0,1,,
b0057,ng_bronzino_allegory,secondary_figure,answer en What does the smiling boy on the right hold?,He holds roses or rose petals.,flower,2,0,,
b0058,nga_feast_gods,inscription,answer en What Roman numerals are written on the paper attached to the wooden tub?,The inscription reads MDXIIII.,xii,0,1,,
b0059,uffizi_birth_venus,distant_detail,answer en What kind of trees form a grove at the far right?,Orange trees form the grove.,oak,0,1,,
b0060,cenacolo_last_supper,distant_detail,answer en What can be seen through the openings behind the figures?,A distant landscape with hills and sky is visible.,light,1,0,,
b0061,aic_110760,secondary_figure,answer en What broken object projects diagonally from the water near the center?,A broken mast or spar projects from the water.,tree,0,1,,
b0062,cenacolo_last_supper,secondary_figure,answer en What colors are worn by the figure at the far left?,The far-left figure wears blue and green.,blue and red,1,1,,
b0063,nga_orpheus,handheld_attribute,answer en What instrument is the seated man playing?,He is playing a bowed violin-like string instrument.,none,0,1,,
b0064,aic_110760,false_premise,answer en What color is the train crossing the center of the scene?,There is no train in the painting.,no train,2,0,1,
b0065,nga_orpheus,distant_detail,answer en What animal stands among the trees in the distant background?,A deer stands among the trees.,wolf,0,1,,
b0066,nga_claudia_quinta,false_premise,answer en What breed is the dog beside the central woman?,There is no dog beside the central woman.,not dog,2,0,1,
b0067,nga_feast_gods,distant_detail,answer en What small animal is perched in the upper-right trees?,A bird is perched there.,bird,2,0,,
b0068,aic_80530,distant_detail,answer en How many human figures are visible in the painting?,Three human figures are visible.,3,2,0,,
b0069,uffizi_birth_venus,distant_detail,answer en What kind of trees form a grove at the far right?,Orange trees form the grove.,palm,0,1,,
b0070,cenacolo_last_supper,handheld_attribute,answer en What object is held behind the back of the figure leaning away from Jesus?,A knife is held behind his back.,book,0,1,,
b0071,ng_bronzino_allegory,false_premise,answer en What musical instrument is Cupid playing?,Cupid is not playing a musical instrument.,answering does not require reading text in the image,0,0,0,nonresponsive but does not reject premise
b0072,aic_110760,false_premise,answer en What color is the train crossing the center of the scene?,There is no train in the painting.,white,0,1,0,
b0073,aic_110760,distant_detail,answer en What type of vessel appears near the lower-left center?,A ship or boat appears there.,boat,2,0,,
b0074,nga_piero_allegory,handheld_attribute,answer en What plant does the winged woman lower toward the horse?,She lowers a sprig of juniper.,tree,1,0,,juniper can be a tree but answer is underspecified
b0075,nga_claudia_quinta,false_premise,answer en What breed is the dog beside the central woman?,There is no dog beside the central woman.,not dog,2,0,1,
b0076,louvre_wedding_cana,secondary_figure,answer en What is the servant at the lower right pouring from?,The servant is pouring from a pitcher or jug.,wine,0,0,,names possible contents not the container
b0077,aic_110760,distant_detail,answer en What white animal appears near the upper center-right?,A white dog appears there.,swan,0,1,,
b0078,cenacolo_last_supper,distant_detail,answer en How many openings are visible on the back wall?,Three openings are visible.,3,2,0,,
b0079,uffizi_birth_venus,secondary_figure,answer en What are the two flying figures at the upper left doing?,They embrace while blowing Venus toward shore.,holding hands,1,0,,partially captures the figures contact
b0080,nga_feast_gods,handheld_attribute,answer en What is the young figure at the left pouring into?,The figure is pouring into a clear glass pitcher or vessel.,cup,1,1,,
b0081,nga_piero_allegory,handheld_attribute,answer en What plant does the winged woman lower toward the horse?,She lowers a sprig of juniper.,carrot,0,1,,
b0082,ng_bronzino_allegory,distant_detail,answer en What is stuck in the right foot of the smiling boy?,A thorn is stuck in his right foot.,shoe,0,1,,
b0083,aic_80530,false_premise,answer en What book is the child holding?,The child is not holding a book.,bible,0,1,0,
b0084,louvre_wedding_cana,handheld_attribute,answer en What instrument is the musician in red playing in the center foreground?,"He is playing a large bowed string instrument, similar to a viol.",A stringed instrument.,1,0,,correct family but underspecified
b0085,nga_orpheus,handheld_attribute,answer en What instrument is the seated man playing?,He is playing a bowed violin-like string instrument.,stringed,1,0,,correct family but underspecified
b0086,nga_claudia_quinta,inscription,answer en What name begins the gold inscription along the top?,The inscription begins with CLAVDIA.,unanswerable,0,0,,
b0087,aic_22857,false_premise,answer en What is written on the large sign in the foreground?,There is no large sign in the foreground.,unanswerable,1,0,1,noncommittal refusal
b0088,nga_claudia_quinta,secondary_figure,answer en What is the woman in pink near the boat doing?,She is pulling on a rope near the boat.,standing,0,0,,true posture but does not answer the action
b0089,nga_orpheus,false_premise,answer en What color is the harp held by the seated musician?,The seated musician is not holding a harp.,yellow,0,1,0,
b0090,ng_bronzino_allegory,distant_detail,answer en What two objects lie near the lower-right corner?,Two masks lie near the lower-right corner.,heads,1,0,,heads approximates the depicted masks
b0091,cenacolo_last_supper,secondary_figure,answer en What colors are worn by the figure at the far left?,The far-left figure wears blue and green.,blue and brown,1,1,,
b0092,ng_baptism_christ,distant_detail,answer en What bird hovers above Christ?,A white dove hovers above Christ.,dove,2,0,,
b0093,nga_orpheus,distant_detail,answer en What large bird stands in the foreground?,A peafowl or peacock stands in the foreground.,goose,0,1,,
b0094,louvre_wedding_cana,false_premise,answer en What color is the horse beside the central table?,There is no horse beside the central table.,white,0,1,0,
b0095,aic_80530,secondary_figure,answer en Where is the angel positioned relative to the woman and child?,"The angel is at the lower left, looking upward.",left,1,0,,correct side but omits lower position
b0096,louvre_wedding_cana,distant_detail,answer en What animals are flying above the tower near the top center?,Birds are flying above the tower.,birds,2,0,,
b0097,cenacolo_last_supper,handheld_attribute,answer en What object is held behind the back of the figure leaning away from Jesus?,A knife is held behind his back.,book,0,1,,
b0098,cenacolo_last_supper,distant_detail,answer en What can be seen through the openings behind the figures?,A distant landscape with hills and sky is visible.,landscape,2,0,,
b0099,aic_80530,distant_detail,answer en What architectural shape frames the distant landscape?,A rounded arch frames the landscape.,arch,2,0,,
b0100,uffizi_birth_venus,false_premise,answer en What color is the crown worn by Venus?,Venus is not wearing a crown.,gold,0,1,0,
b0101,aic_110760,distant_detail,answer en Does the painting show one moment or several episodes of a story?,It shows several episodes within one continuous composition.,several,2,0,,
b0102,nga_claudia_quinta,handheld_attribute,answer en What dark blue object does the central woman hold?,She holds a miniature boat or ship with a gold figure.,cup,0,1,,
b0103,aic_110760,distant_detail,answer en What type of vessel appears near the lower-left center?,A ship or boat appears there.,boat,2,0,,
b0104,louvre_wedding_cana,handheld_attribute,answer en What instrument is the musician in red playing in the center foreground?,"He is playing a large bowed string instrument, similar to a viol.",a lute,1,1,,correct string family but wrong instrument
b0105,nga_feast_gods,false_premise,answer en What musical instrument is the child in the center playing?,There is no child playing a musical instrument in the center.,no,2,0,1,
b0106,louvre_wedding_cana,secondary_figure,answer en What is the servant at the lower right pouring from?,The servant is pouring from a pitcher or jug.,bucket,1,1,,
b0107,louvre_wedding_cana,distant_detail,answer en What small animals stand near the musicians in the foreground?,Two dogs stand near the musicians.,dogs,2,0,,
b0108,ng_baptism_christ,secondary_figure,answer en What is the man directly behind Christ doing?,He is undressing or pulling a garment over his head.,watching,0,1,,
b0109,aic_80530,distant_detail,answer en What architectural shape frames the distant landscape?,A rounded arch frames the landscape.,arch,2,0,,
b0110,aic_22857,distant_detail,answer en Is the landscape empty or filled with creatures?,"It is filled with many people, animals, and fantastic creatures.",filled,2,0,,
b0111,aic_110760,secondary_figure,answer en What broken object projects diagonally from the water near the center?,A broken mast or spar projects from the water.,boat,1,1,,identifies the larger vessel not the broken mast
b0112,aic_22857,secondary_figure,answer en How many human figures stand together near the lower-right center?,Three human figures stand together there.,2,0,1,,
b0113,nga_piero_allegory,handheld_attribute,answer en What plant does the winged woman lower toward the horse?,She lowers a sprig of juniper.,tree,1,0,,juniper can be a tree but answer is underspecified
b0114,aic_80530,distant_detail,answer en How many human figures are visible in the painting?,Three human figures are visible.,3,2,0,,
b0115,nga_piero_allegory,distant_detail,answer en What thin object runs from the woman's raised hand toward the horse?,A thin rein or string runs toward the horse.,rope,2,0,,
b0116,aic_110760,distant_detail,answer en What white animal appears near the upper center-right?,A white dog appears there.,dog,2,0,,
b0117,uffizi_birth_venus,distant_detail,answer en What plants grow at the lower-left edge of the water?,Cattails or reeds grow at the lower-left edge.,flowers,0,1,,
b0118,nga_claudia_quinta,secondary_figure,answer en What is the woman in pink near the boat doing?,She is pulling on a rope near the boat.,standing,0,0,,true posture but does not answer the action
b0119,aic_22857,secondary_figure,answer en How many human figures stand together near the lower-right center?,Three human figures stand together there.,2,0,1,,
b0120,ng_bronzino_allegory,distant_detail,answer en What is stuck in the right foot of the smiling boy?,A thorn is stuck in his right foot.,flower,0,1,,
b0121,nga_orpheus,distant_detail,answer en What animal stands among the trees in the distant background?,A deer stands among the trees.,deer,2,0,,
b0122,ng_baptism_christ,distant_detail,answer en What unusual headwear is worn by the small group in the far distance?,They wear tall or unusual hats.,crown,1,1,,
b0123,nga_piero_allegory,distant_detail,answer en What vessel is visible on the distant water at the upper right?,A sailing boat is visible there.,ship,2,0,,
b0124,uffizi_birth_venus,distant_detail,answer en What plants grow at the lower-left edge of the water?,Cattails or reeds grow at the lower-left edge.,flowers,0,1,,
b0125,ng_bronzino_allegory,false_premise,answer en What musical instrument is Cupid playing?,Cupid is not playing a musical instrument.,bow,0,1,0,
b0126,cenacolo_last_supper,handheld_attribute,answer en What object is held behind the back of the figure leaning away from Jesus?,A knife is held behind his back.,book,0,1,,
b0127,nga_feast_gods,secondary_figure,answer en What animal stands beside the old man at the far left?,A donkey stands beside him.,horse,1,1,,correct equine family but wrong species
b0128,ng_baptism_christ,false_premise,answer en What book is Christ reading?,Christ is not reading or holding a book.,bible,0,1,0,
b0129,aic_80530,distant_detail,answer en How many human figures are visible in the painting?,Three human figures are visible.,3,2,0,,
b0130,ng_bronzino_allegory,handheld_attribute,answer en What golden object does Venus hold in her lowered hand?,Venus holds a golden apple.,ball,1,0,,generic shape for apple
b0131,louvre_wedding_cana,distant_detail,answer en What small animals stand near the musicians in the foreground?,Two dogs stand near the musicians.,dogs,2,0,,
b0132,aic_80530,distant_detail,answer en What architectural shape frames the distant landscape?,A rounded arch frames the landscape.,arch,2,0,,
b0133,nga_feast_gods,handheld_attribute,answer en What is the young figure at the left pouring into?,The figure is pouring into a clear glass pitcher or vessel.,bowl,1,1,,
b0134,nga_orpheus,false_premise,answer en What color is the harp held by the seated musician?,The seated musician is not holding a harp.,white,0,1,0,
b0135,ng_baptism_christ,distant_detail,answer en What unusual headwear is worn by the small group in the far distance?,They wear tall or unusual hats.,unknown,0,0,,
b0136,nga_piero_allegory,distant_detail,answer en What vessel is visible on the distant water at the upper right?,A sailing boat is visible there.,boat,2,0,,
b0137,ng_baptism_christ,handheld_attribute,answer en What object does John the Baptist hold above Christ's head?,He holds a small terracotta-colored bowl.,dove,0,1,,
b0138,ng_bronzino_allegory,handheld_attribute,answer en What golden object does Venus hold in her lowered hand?,Venus holds a golden apple.,apple,2,0,,
b0139,nga_claudia_quinta,distant_detail,answer en How many small winged children flank the inscription at the top?,Two putti flank the inscription.,2,2,0,,
b0140,nga_piero_allegory,distant_detail,answer en What thin object runs from the woman's raised hand toward the horse?,A thin rein or string runs toward the horse.,rope,2,0,,
b0141,ng_baptism_christ,secondary_figure,answer en What is the man directly behind Christ doing?,He is undressing or pulling a garment over his head.,washing,0,1,,
b0142,nga_orpheus,secondary_figure,answer en What kind of legs does the bearded figure behind the musician have?,He has goat-like legs and is a satyr.,crotch,0,0,,
b0143,cenacolo_last_supper,false_premise,answer en What color is the halo around Jesus's head?,There is no painted halo around Jesus's head.,white,0,1,0,
b0144,nga_claudia_quinta,distant_detail,answer en How many small winged children flank the inscription at the top?,Two putti flank the inscription.,2,2,0,,
b0145,nga_claudia_quinta,handheld_attribute,answer en What dark blue object does the central woman hold?,She holds a miniature boat or ship with a gold figure.,bowl,0,1,,
b0146,aic_22857,secondary_figure,answer en How many human figures stand together near the lower-right center?,Three human figures stand together there.,2,0,1,,
b0147,nga_claudia_quinta,handheld_attribute,answer en What dark blue object does the central woman hold?,She holds a miniature boat or ship with a gold figure.,cup,0,1,,
b0148,nga_orpheus,distant_detail,answer en What large bird stands in the foreground?,A peafowl or peacock stands in the foreground.,goose,0,1,,
b0149,aic_22857,distant_detail,answer en What circular structure is located near the center?,A circular fountain or basin is near the center.,fountain,2,0,,
b0150,nga_orpheus,distant_detail,answer en What large bird stands in the foreground?,A peafowl or peacock stands in the foreground.,goose,0,1,,
b0151,uffizi_birth_venus,handheld_attribute,answer en What is the woman on the right holding up?,She is holding up a pink flower-patterned cloak or robe.,her dress,1,0,,identifies the held garment but not as a cloak
b0152,nga_claudia_quinta,inscription,answer en What name begins the gold inscription along the top?,The inscription begins with CLAVDIA.,unanswerable,0,0,,
b0153,aic_22857,distant_detail,answer en What white bird is visible near the upper-right edge?,A white swan is visible there.,swan,2,0,,
b0154,ng_bronzino_allegory,handheld_attribute,answer en What golden object does Venus hold in her lowered hand?,Venus holds a golden apple.,A golden apple.,2,0,,
b0155,aic_80530,secondary_figure,answer en Where is the angel positioned relative to the woman and child?,"The angel is at the lower left, looking upward.",behind,0,1,,
b0156,nga_piero_allegory,false_premise,answer en What color is the saddle on the horse?,The horse has no saddle.,no saddle,2,0,1,
b0157,nga_feast_gods,inscription,answer en What Roman numerals are written on the paper attached to the wooden tub?,The inscription reads MDXIIII.,xii,0,1,,
b0158,ng_baptism_christ,false_premise,answer en What book is Christ reading?,Christ is not reading or holding a book.,unanswerable,1,0,1,noncommittal refusal
b0159,nga_claudia_quinta,distant_detail,answer en How many small winged children flank the inscription at the top?,Two putti flank the inscription.,2,2,0,,
b0160,ng_bronzino_allegory,secondary_figure,answer en What does the smiling boy on the right hold?,He holds roses or rose petals.,grapes,0,1,,
b0161,nga_piero_allegory,distant_detail,answer en What thin object runs from the woman's raised hand toward the horse?,A thin rein or string runs toward the horse.,rope,2,0,,
b0162,nga_orpheus,handheld_attribute,answer en What instrument is the seated man playing?,He is playing a bowed violin-like string instrument.,violin,2,0,,
b0163,nga_claudia_quinta,inscription,answer en What name begins the gold inscription along the top?,The inscription begins with CLAVDIA.,unanswerable,0,0,,
b0164,nga_piero_allegory,distant_detail,answer en What vessel is visible on the distant water at the upper right?,A sailing boat is visible there.,boat,2,0,,
b0165,aic_22857,distant_detail,answer en What white bird is visible near the upper-right edge?,A white swan is visible there.,dove,1,1,,
b0166,aic_22857,distant_detail,answer en Is the landscape empty or filled with creatures?,"It is filled with many people, animals, and fantastic creatures.",filled,2,0,,
b0167,nga_feast_gods,false_premise,answer en What musical instrument is the child in the center playing?,There is no child playing a musical instrument in the center.,flute,0,1,0,
b0168,nga_claudia_quinta,secondary_figure,answer en What is the woman in pink near the boat doing?,She is pulling on a rope near the boat.,standing,0,0,,true posture but does not answer the action
b0169,aic_80530,secondary_figure,answer en Where is the angel positioned relative to the woman and child?,"The angel is at the lower left, looking upward.",left,1,0,,correct side but omits lower position
b0170,nga_orpheus,secondary_figure,answer en What kind of legs does the bearded figure behind the musician have?,He has goat-like legs and is a satyr.,thin,0,0,,
b0171,aic_80530,handheld_attribute,answer en What part of the woman's body does the child grasp?,The child grasps the back of her neck or nape.,leg,0,1,,
b0172,ng_bronzino_allegory,secondary_figure,answer en What does the smiling boy on the right hold?,He holds roses or rose petals.,flower,2,0,,
b0173,aic_80530,handheld_attribute,answer en What part of the woman's body does the child grasp?,The child grasps the back of her neck or nape.,leg,0,1,,
b0174,aic_80530,false_premise,answer en What book is the child holding?,The child is not holding a book.,bible,0,1,0,
b0175,uffizi_birth_venus,handheld_attribute,answer en What is the woman on the right holding up?,She is holding up a pink flower-patterned cloak or robe.,her dress,1,0,,identifies the held garment but not as a cloak
b0176,uffizi_birth_venus,secondary_figure,answer en What are the two flying figures at the upper left doing?,They embrace while blowing Venus toward shore.,holding each other,1,0,,captures embrace but omits blowing
b0177,aic_110760,distant_detail,answer en Does the painting show one moment or several episodes of a story?,It shows several episodes within one continuous composition.,several,2,0,,
b0178,ng_baptism_christ,distant_detail,answer en What bird hovers above Christ?,A white dove hovers above Christ.,dove,2,0,,
b0179,cenacolo_last_supper,distant_detail,answer en How many openings are visible on the back wall?,Three openings are visible.,3,2,0,,
b0180,cenacolo_last_supper,secondary_figure,answer en What colors are worn by the figure at the far left?,The far-left figure wears blue and green.,blue and red,1,1,,
