,,score_0_to_2,score_0_to_2,hallucination_0_or_1,hallucination_0_or_1,rejects_false_premise_0_or_1,rejects_false_premise_0_or_1
,,mean,count,mean,count,mean,count
condition,question_type,,,,,,
224_native,distant_detail,1.292,24,0.333,24,,0
224_native,false_premise,0.083,12,0.917,12,0.083,12
224_native,handheld_attribute,0.7,10,0.6,10,,0
224_native,inscription,0.0,2,0.5,2,,0
224_native,secondary_figure,0.333,12,0.75,12,,0
448_degraded,distant_detail,1.375,24,0.333,24,,0
448_degraded,false_premise,0.667,12,0.5,12,0.417,12
448_degraded,handheld_attribute,0.6,10,0.7,10,,0
448_degraded,inscription,0.0,2,0.5,2,,0
448_degraded,secondary_figure,0.75,12,0.5,12,,0
448_native,distant_detail,1.583,24,0.25,24,,0
448_native,false_premise,0.75,12,0.583,12,0.417,12
448_native,handheld_attribute,0.5,10,0.6,10,,0
448_native,inscription,0.0,2,0.5,2,,0
448_native,secondary_figure,0.583,12,0.5,12,,0
