painting_id,title,artist,year,fame_group,image_path,source_url,image_source_url
uffizi_birth_venus,The Birth of Venus,Sandro Botticelli,c. 1485,famous,data/images/uffizi_birth_venus.jpg,https://www.uffizi.it/en/artworks/birth-of-venus,https://commons.wikimedia.org/wiki/File:The_Birth_of_Venus_(Botticelli)_1.jpg
cenacolo_last_supper,The Last Supper,Leonardo da Vinci,1494-1498,famous,data/images/cenacolo_last_supper.jpg,https://cenacolovinciano.org/en/museum/the-works/the-last-supper-leonardo-da-vinci-1452-1519/,https://commons.wikimedia.org/wiki/File:Leonardo_da_Vinci_-_The_Last_Supper_high_res.jpg
louvre_wedding_cana,The Wedding Feast at Cana,Paolo Veronese,1562-1563,famous,data/images/louvre_wedding_cana.jpg,https://collections.louvre.fr/en/ark:/53355/cl010064382,https://commons.wikimedia.org/wiki/File:Paolo_Veronese_008.jpg
ng_bronzino_allegory,An Allegory with Venus and Cupid,Agnolo Bronzino,c. 1545,famous,data/images/ng_bronzino_allegory.jpg,https://www.nationalgallery.org.uk/paintings/bronzino-an-allegory-with-venus-and-cupid,https://commons.wikimedia.org/wiki/File:Angelo_Bronzino_-_Venus%2C_Cupid%2C_Folly_and_Time_-_National_Gallery%2C_London.jpg
aic_80530,Virgin and Child with an Angel,Sandro Botticelli,1475-1485,moderate,data/images/aic_80530.jpg,https://www.artic.edu/artworks/80530/virgin-and-child-with-an-angel,https://commons.wikimedia.org/wiki/File:Sandro_Botticelli_-_Virgin_and_Child_with_an_Angel_-_1954.283_-_Art_Institute_of_Chicago.jpg
aic_22857,The Garden of Paradise,Workshop of Hieronymus Bosch,c. 1500-1520,moderate,data/images/aic_22857.jpg,https://www.artic.edu/artworks/22857/the-garden-of-paradise,https://commons.wikimedia.org/wiki/File:Imitator_of_Hieronymus_Bosch_-_The_Garden_of_Paradise_-_1936.239_-_Art_Institute_of_Chicago.jpg
ng_baptism_christ,The Baptism of Christ,Piero della Francesca,after 1437,moderate,data/images/ng_baptism_christ.jpg,https://www.nationalgallery.org.uk/paintings/piero-della-francesca-the-baptism-of-christ,https://commons.wikimedia.org/wiki/File:Piero_della_Francesca_-_Baptism_of_Christ_-_WGA17595.jpg
nga_feast_gods,The Feast of the Gods,Giovanni Bellini and Titian,1514-1529,moderate,data/images/nga_feast_gods.jpg,https://www.nga.gov/artworks/1138-feast-gods,https://commons.wikimedia.org/wiki/File:Giovanni_Bellini_and_Titian%2C_The_Feast_of_the_Gods%2C_1514-1529%2C_NGA_1138.jpg
aic_110760,The Adventures of Ulysses,Apollonio di Giovanni,1435-1445,obscure,data/images/aic_110760.jpg,https://www.artic.edu/artworks/110760/the-adventures-of-ulysses,https://commons.wikimedia.org/wiki/File:Apollonio_di_Giovanni_-_The_Adventures_of_Ulysses_-_1933.1006_-_Art_Institute_of_Chicago.jpg
nga_piero_allegory,Allegory,Piero di Cosimo,c. 1500,obscure,data/images/nga_piero_allegory.jpg,https://www.nga.gov/artworks/301-allegory,https://commons.wikimedia.org/wiki/File:Piero_di_Cosimo%2C_Allegory%2C_probably_c._1500%2C_NGA_301.jpg
nga_claudia_quinta,Claudia Quinta,Neroccio de' Landi,c. 1490-1495,obscure,data/images/nga_claudia_quinta.jpg,https://www.nga.gov/artworks/14-claudia-quinta,https://commons.wikimedia.org/wiki/File:Neroccio_de%27_Landi%2C_Claudia_Quinta%2C_c._1490-1495%2C_NGA_14.jpg
nga_orpheus,Orpheus,Venetian 16th Century,c. 1500-1525,obscure,data/images/nga_orpheus.jpg,https://www.nga.gov/artworks/1139-orpheus,https://commons.wikimedia.org/wiki/File:Orpheus_A15040.jpg
